{
  "manifest-bundle.zip": 1628427397312,
  "manifest.json": 1628427397299,
  "model/models.js": 1628355387312,
  "controller/View1.controller.js": 1628421254650,
  "Component.js": 1628355387304,
  "i18n/i18n.properties": 1628421514260,
  "Component-preload.js": 1628427397638,
  "controller/View1-dbg.controller.js": 1628421254650,
  "model/models-dbg.js": 1628355387312,
  "Component-dbg.js": 1628355387304,
  "view/View1.view.xml": 1628420860992,
  "css/style.css": 1628355387304,
  "index.html": 1628355387308
}